"","Life_Ladder","Log_GDPpC","Social_support","Life_expectancy","Freedom_of_choice","Generosity","Corruption","Positive_affect","Negative_affect","Conf_in_gov","GINI_index","GINI_indx_income","Happiness_score","Country"
"1",2.69430327415466,7.49458789825439,0.507515847682953,52.5999984741211,0.373535543680191,-0.0848878771066666,0.92760568857193,0.42412531375885,0.404904395341873,0.364666402339935,0.36275,0.290681332349777,3.20329999923706,"Afghanistan"
"2",5.00440263748169,9.41239929199219,0.683591663837433,68.6999969482422,0.824212312698364,0.0053849508985877,0.899129390716553,0.713299572467804,0.318996727466583,0.435337960720062,0.30325,0.456174194812775,4.71859979629517,"Albania"
"3",5.04308605194092,9.55795192718506,0.798651337623596,65.9000015258789,0.583380579948425,-0.172413006424904,0.758704125881195,0.591042935848236,0.292945563793182,0.206626191735268,0.276,0.66787189245224,5.21129989624023,"Algeria"
"4",5.79279661178589,9.80997180938721,0.89991158246994,68.8000030517578,0.845894694328308,-0.206936627626419,0.855255246162415,0.820309698581696,0.320502072572708,0.261352270841599,0.4609375,0.405355930328369,6.08629989624023,"Argentina"
"5",5.06244850158691,9.11942386627197,0.81444901227951,66.9000015258789,0.80764365196228,-0.149108693003654,0.676826357841492,0.581487715244293,0.454840272665024,0.670827627182007,0.31925,0.406403481960297,4.55940008163452,"Armenia"
"6",7.17699337005615,10.7210206985474,0.940137267112732,73.5999984741211,0.916028141975403,0.137795403599739,0.404647499322891,0.759018838405609,0.187456369400024,0.46883687376976,0.34275,0.429814219474792,7.22800016403198,"Australia"
"7",7.3960018157959,10.7418928146362,0.911668121814728,73,0.904111981391907,0.0515523329377174,0.52306056022644,0.752350389957428,0.226058796048164,0.488678723573685,0.302692307692308,0.299504399299622,7.24599981307983,"Austria"
"8",5.16799545288086,9.67801380157471,0.781229913234711,65.5,0.772449254989624,-0.251795291900635,0.56120628118515,0.592575371265411,0.191391661763191,0.83437192440033,0.211,0.260409832000732,5.2076997756958,"Azerbaijan"
"9",4.49921703338623,8.22074604034424,0.705556035041809,64.3000030517578,0.901470839977264,-0.0380083359777927,0.701421201229095,0.541344702243805,0.361237794160843,0.831693112850189,0.32775,0.367609113454819,4.45580005645752,"Bangladesh"
"10",5.23376989364624,9.7787389755249,0.904569268226624,66.0999984741211,0.64360237121582,-0.181864842772484,0.718455493450165,0.450332850217819,0.235728621482849,0.421278685331345,0.281294117647059,0.293443888425827,5.32250022888184,"Belarus"
"11",6.89217185974121,10.6724452972412,0.929815530776978,72,0.808386623859406,-0.127278342843056,0.630411803722382,0.749562740325928,0.250297337770462,0.441944539546967,0.284307692307692,0.299524575471878,6.9229998588562,"Belgium"
"12",5.81982707977295,7.66390705108643,0.5035440325737,54.2999992370605,0.713264048099518,0.0246611647307873,0.746510744094849,0.646655142307281,0.467871814966202,0.639219760894775,0.432666666666667,0.606243252754211,4.88320016860962,"Benin"
"13",5.91573429107666,8.86053085327148,0.827159464359283,63.5999984741211,0.863246858119965,-0.0875683501362801,0.786044597625732,0.741972625255585,0.387468874454498,0.399588227272034,0.5216,0.450113028287888,5.77930021286011,"Bolivia"
"14",5.88740110397339,9.40272617340088,0.835889577865601,67.8000030517578,0.658846437931061,0.124626904726028,0.9128577709198,0.642939507961273,0.277365058660507,0.254097163677216,0.3256,0.385817497968674,5.38649988174438,"Bosnia and Herzegovina"
"15",3.46136569976807,9.68022632598877,0.794936001300812,58.9000015258789,0.817621111869812,-0.259084016084671,0.806945443153381,0.729643225669861,0.267083704471588,0.718788146972656,0.626,0.616160452365875,3.48839998245239,"Botswana"
"16",6.19092178344727,9.55793285369873,0.881505250930786,66.4000015258789,0.750609040260315,-0.126326516270638,0.763251304626465,0.749727845191956,0.349656254053116,0.168186649680138,0.547285714285714,0.420397132635117,6.29979991912842,"Brazil"
"17",5.09881353378296,9.87321853637695,0.923853278160095,66.8000030517578,0.724335908889771,-0.17910960316658,0.952014446258545,0.639021873474121,0.189090982079506,0.218995898962021,0.354666666666667,0.341206520795822,5.01100015640259,"Bulgaria"
"18",4.92723608016968,7.47052001953125,0.664859473705292,53.9000015258789,0.720743477344513,-0.00438124081119895,0.75739860534668,0.710883557796478,0.342865526676178,0.622255086898804,0.394666666666667,0.605102121829987,4.58680009841919,"Burkina Faso"
"19",3.77528309822083,6.5410327911377,0.484715223312378,53.4000015258789,0.646398603916168,-0.0193341728299856,0.598607659339905,0.66644150018692,0.362766593694687,0.42085987329483,0.36,0.68081271648407,3.77530002593994,"Burundi"
"20",5.1218376159668,8.25335216522217,0.794605374336243,61.5999984741211,0.958304822444916,0.03378676623106,0.703439772129059,0.8445925116539,0.414345800876617,0.747923851013184,0.408166666666667,0.603439152240753,4.69980001449585,"Cambodia"
"21",5.25073766708374,8.13347053527832,0.676825225353241,52.7000007629395,0.816304981708527,0.0325069166719913,0.884441614151001,0.642436504364014,0.355642408132553,0.645226299762726,0.438333333333333,0.521751046180725,5.04370021820068,"Cameroon"
"22",7.17549657821655,10.7012481689453,0.92271876335144,73.5999984741211,0.945782899856567,0.0979661270976067,0.371740847826004,0.823668658733368,0.259397655725479,0.61046689748764,0.3368,0.46544224023819,7.27810001373291,"Canada"
"23",4.48632526397705,7.47257471084595,0.577253580093384,48.2000007629395,0.650354564189911,0.0113400863483548,0.762879312038422,0.552737295627594,0.543836236000061,0.577436029911041,0.4155,0.607654750347137,4.34950017929077,"Chad"
"24",6.43622064590454,10.0659198760986,0.89008492231369,69.9000015258789,0.788530349731445,-0.0706158429384232,0.81629741191864,0.832562208175659,0.275820225477219,0.334744155406952,0.491571428571429,0.434312701225281,6.44399976730347,"Chile"
"25",5.13143396377563,9.69437599182129,0.787605345249176,69.3000030517578,0.895377695560455,-0.174899160861969,0.845942497253418,0.855783879756927,0.189639791846275,0.343466877937317,0.425,0.538205683231354,5.19089984893799,"China"
"26",5.98351240158081,9.51173400878906,0.87097042798996,67.6999969482422,0.850765764713287,-0.155047997832298,0.854820907115936,0.825455188751221,0.30062410235405,0.274869501590729,0.5416,0.506853818893433,6.12480020523071,"Colombia"
"27",3.97281956672668,7.26014232635498,0.621302962303162,57.2000007629395,0.560182332992554,0.136247515678406,0.79375833272934,0.74774158000946,0.337493658065796,0.317273706197739,0.506,0.598217666149139,3.9728000164032,"Comoros"
"28",5.49021434783936,8.47327899932861,0.620622932910919,57.9000015258789,0.698700070381165,-0.12450098246336,0.738020181655884,0.587506592273712,0.447646170854568,0.473673611879349,0.481,0.597126543521881,4.81150007247925,"Congo (Brazzaville)"
"29",7.14107465744019,9.66942596435547,0.875872433185577,71.3000030517578,0.941888332366943,-0.104196012020111,0.78130179643631,0.870097815990448,0.325866639614105,0.479977786540985,0.490882352941176,0.786516606807709,7.16739988327026,"Costa Rica"
"30",5.53627109527588,10.0657510757446,0.909806847572327,70.1999969482422,0.690855622291565,-0.152529239654541,0.92540830373764,0.582044124603271,0.290375977754593,0.248180910944939,0.321428571428571,0.322490155696869,5.43179988861084,"Croatia"
"31",6.27644300460815,9.7787389755249,0.825573205947876,73.6999969482422,0.794215023517609,-0.262738108634949,0.848337233066559,0.750122487545013,0.298021137714386,0.352440446615219,0.326166666666667,0.448661059141159,6.04580020904541,"Cyprus"
"32",7.03416538238525,10.4194736480713,0.929163932800293,70.3000030517578,0.790132403373718,-0.294359624385834,0.851382255554199,0.713700115680695,0.178068101406097,0.420783311128616,0.264166666666667,0.254285722970963,6.85209989547729,"Czech Republic"
"33",7.64878559112549,10.75559425354,0.95821887254715,72.4000015258789,0.935437798500061,0.0155928526073694,0.15060743689537,0.821422636508942,0.20605280995369,0.632478475570679,0.267,0.479050666093826,7.60010004043579,"Denmark"
"34",5.43321561813354,9.62699794769287,0.861986339092255,65.8000030517578,0.866641581058502,-0.15095129609108,0.762273550033569,0.744871854782104,0.291403025388718,0.421771019697189,0.484705882352941,0.52009505033493,5.42530012130737,"Dominican Republic"
"35",6.12801027297974,9.27445507049561,0.851345002651215,68.5,0.869363725185394,-0.104021087288857,0.830743193626404,0.876474916934967,0.328171044588089,0.402085185050964,0.496,0.438511908054352,6.02759981155396,"Ecuador"
"36",4.00545072555542,9.29395961761475,0.758824050426483,61.7000007629395,0.681654453277588,-0.222929537296295,0.703439772129059,0.492260754108429,0.285183787345886,0.503853440284729,0.312,0.323928564786911,4.16550016403198,"Egypt"
"37",6.27624607086182,8.91195869445801,0.823999166488647,66.0999984741211,0.863207280635834,-0.0967869088053703,0.826600015163422,0.871536493301392,0.265370607376099,0.323992043733597,0.457823529411765,0.444246530532837,6.25309991836548,"El Salvador"
"38",6.09130239486694,10.324107170105,0.932693779468536,68.5999984741211,0.885618388652802,-0.144664913415909,0.620677947998047,0.794730246067047,0.163182109594345,0.42020258307457,0.332461538461538,0.36719486117363,5.89349985122681,"Estonia"
"39",4.37926244735718,7.52451658248901,0.740154504776001,58.5,0.74034309387207,0.0432735048234463,0.799466252326965,0.659520864486694,0.271753966808319,0.875270962715149,0.340333333333333,0.440552592277527,4.28579998016357,"Ethiopia"
"40",7.85810708999634,10.6360597610474,0.962155044078827,71.9000015258789,0.937807381153107,-0.131735160946846,0.198604837059975,0.781546413898468,0.181780651211739,0.555102229118347,0.275615384615385,0.36229419708252,7.76889991760254,"Finland"
"41",6.66590356826782,10.5733518600464,0.921463072299957,73.8000030517578,0.816377222537994,-0.141567125916481,0.581775307655334,0.767313420772552,0.28245136141777,0.380547434091568,0.320923076923077,0.360965639352798,6.59210014343262,"France"
"42",4.78300905227661,9.71831607818604,0.784827589988708,59.7000007629395,0.719135403633118,-0.217487514019012,0.822863459587097,0.640691637992859,0.417660981416702,0.311373710632324,0.422,0.485094249248505,4.7992000579834,"Gabon"
"43",4.92209911346436,7.37655353546143,0.68479996919632,55,0.71872878074646,0.0960026308894157,0.691069543361664,0.804012179374695,0.379207700490952,0.757543444633484,0.422666666666667,0.592391192913055,4.51630020141602,"Gambia"
"44",4.65909719467163,9.22910022735596,0.617218554019928,64.5,0.775144100189209,-0.219247594475746,0.754853785037994,0.572953462600708,0.243778914213181,0.300006181001663,0.380117647058824,0.419812053442001,4.51910018920898,"Georgia"
"45",7.11836433410645,10.7309446334839,0.919763147830963,72.1999969482422,0.876887500286102,0.0301996488124132,0.495673954486847,0.780280411243439,0.243214577436447,0.592990577220917,0.306222222222222,0.283512622117996,6.9850001335144,"Germany"
"46",5.40928936004639,10.1320581436157,0.793500781059265,72.4000015258789,0.564455687999725,-0.336384534835815,0.86030238866806,0.665699064731598,0.255006581544876,0.157048657536507,0.346384615384615,0.315494269132614,5.2866997718811,"Greece"
"47",6.62659168243408,8.92342853546143,0.841107249259949,64.8000030517578,0.90953803062439,-0.0111670335754752,0.765454411506653,0.871362030506134,0.262411266565323,0.457064419984818,0.523666666666667,0.634369075298309,6.43620014190674,"Guatemala"
"48",5.25222682952881,7.63371801376343,0.630433142185211,54.4000015258789,0.731157243251801,0.10001128166914,0.778393805027008,0.743881046772003,0.44043830037117,0.591723740100861,0.387,0.603387713432312,4.53439998626709,"Guinea"
"49",3.61492800712585,7.41609191894531,0.537975907325745,55.7000007629395,0.591468393802643,0.420986384153366,0.720444738864899,0.584113299846649,0.358720034360886,0.367896646261215,0.411,0.669433951377869,3.59689998626709,"Haiti"
"50",5.90842390060425,8.4392032623291,0.827067017555237,67.1999969482422,0.872161686420441,0.105728693306446,0.803564786911011,0.87184464931488,0.287357896566391,0.398913681507111,0.5466875,0.67215883731842,5.86040019989014,"Honduras"
"51",3.81806874275208,8.83028030395508,0.638051986694336,60.0999984741211,0.890443384647369,0.0718063041567802,0.805263340473175,0.657287180423737,0.357458084821701,0.753280878067017,0.351,0.428205668926239,4.01520013809204,"India"
"52",5.34029579162598,9.36282730102539,0.809378862380981,62.0999984741211,0.879374384880066,0.499377816915512,0.867729425430298,0.86371785402298,0.29598680138588,0.837602734565735,0.395,0.464347183704376,5.1923999786377,"Indonesia"
"53",4.27811765670776,9.88606452941895,0.673764705657959,66,0.603319883346558,0.0447155013680458,0.703439772129059,0.553196609020233,0.493148893117905,0.549940705299377,0.4134,0.440586149692535,4.5479998588562,"Iran"
"54",6.96233558654785,11.1633281707764,0.937862396240234,72.3000030517578,0.861471593379974,0.139783427119255,0.362210243940353,0.810857236385345,0.213050067424774,0.618405282497406,0.326153846153846,0.366410613059998,7.02110004425049,"Ireland"
"55",6.92717885971069,10.4245738983154,0.909595429897308,73.3000030517578,0.724662303924561,0.0525499619543552,0.770134806632996,0.663489639759064,0.282062560319901,0.422329723834991,0.4112,0.261861771345139,7.13870000839233,"Israel"
"56",6.51652669906616,10.4805164337158,0.912656128406525,73.5999984741211,0.650009274482727,-0.0234622694551945,0.887824833393097,0.649023056030273,0.402975350618362,0.206626191735268,0.344,0.457490861415863,6.2234001159668,"Italy"
"57",5.26837491989136,8.23613357543945,0.620882570743561,49.5,0.712590038776398,-0.0369596593081951,0.790966868400574,0.682098388671875,0.385631382465363,0.535438716411591,0.42,0.520244359970093,4.94379997253418,"Ivory Coast"
"58",5.79357528686523,10.581618309021,0.886431932449341,75,0.773472130298615,-0.272972285747528,0.686784505844116,0.703355014324188,0.185300156474113,0.384880393743515,0.321,0.418661803007126,5.88609981536865,"Japan"
"59",4.63893365859985,9.02443504333496,0.799544334411621,66.8000030517578,0.762420296669006,-0.183489695191383,0.887824833393097,0.450332850217819,0.362013816833496,0.588927924633026,0.343,0.391051113605499,4.90570020675659,"Jordan"
"60",6.00763607025146,10.1111660003662,0.936656713485718,64.5999984741211,0.840182960033417,-0.108595311641693,0.823782980442047,0.69319874048233,0.161542281508446,0.615031957626343,0.305866666666667,0.384010791778564,5.8088002204895,"Kazakhstan"
"61",4.65570259094238,8.03267765045166,0.706719875335693,60.0999984741211,0.821412980556488,0.306653082370758,0.844244062900543,0.759102880954742,0.236920773983002,0.675367295742035,0.4365,0.584187030792236,4.50860023498535,"Kenya"
"62",6.39182567596436,9.74946403503418,0.822406530380249,65.1498260498047,0.889737010002136,-0.0875683501362801,0.922078192234039,0.778271317481995,0.170248463749886,0.347546547651291,0.289909090909091,0.402302265167236,6.09999990463257,"Kosovo"
"63",5.29738330841064,8.15130519866943,0.898147821426392,64.0999984741211,0.94494765996933,0.287731975317001,0.907405316829681,0.763270556926727,0.203300148248672,0.497065544128418,0.304117647058824,0.388922274112701,5.26070022583008,"Kyrgyzstan"
"64",4.85940217971802,8.81360340118408,0.704738140106201,58.7000007629395,0.906660974025726,0.140599459409714,0.634239852428436,0.852213561534882,0.331882506608963,0.753280878067017,0.348,0.552090644836426,4.79629993438721,"Laos"
"65",5.90115404129028,10.1841173171997,0.913276314735413,66.8000030517578,0.608207643032074,-0.216999530792236,0.798949241638184,0.585233271121979,0.191870555281639,0.197162300348282,0.360333333333333,0.330420047044754,5.93970012664795,"Latvia"
"66",5.16718673706055,9.50795841217041,0.829380631446838,67.0999984741211,0.607030689716339,-0.0663259327411652,0.906650304794312,0.463880777359009,0.270688891410828,0.219074845314026,0.318,0.319639176130295,5.19729995727539,"Lebanon"
"67",4.13485288619995,6.63016986846924,0.726750135421753,56.0999984741211,0.76576954126358,0.0960026308894157,0.867924094200134,0.659731566905975,0.436099499464035,0.703912019729614,0.3485,0.661966323852539,3.97530007362366,"Liberia"
"68",5.49397754669189,8.94677066802979,0.824165165424347,62.2999992370605,0.780558526515961,-0.127278342843056,0.645838797092438,0.705535411834717,0.398903101682663,0.399588227272034,0.5416,0.596754014492035,5.52530002593994,"Libya"
"69",6.30887889862061,10.3395118713379,0.929350137710571,67.3000030517578,0.698945105075836,-0.240978553891182,0.851745069026947,0.516805112361908,0.213559716939926,0.323758095502853,0.355,0.330166399478912,6.14900016784668,"Lithuania"
"70",7.24263095855713,11.4539279937744,0.902192413806915,72.5999984741211,0.883929848670959,-0.0254960618913174,0.385146111249924,0.750309467315674,0.201894342899323,0.755200862884521,0.316076923076923,0.326442360877991,7.0903000831604,"Luxembourg"
"71",5.23983478546143,9.50304412841797,0.848915159702301,67.5,0.744800925254822,-0.0402908697724342,0.909934341907501,0.590138077735901,0.298352867364883,0.396141588687897,0.390166666666667,0.340062618255615,5.27360010147095,"Macedonia"
"72",4.07058668136597,7.27989482879639,0.665512979030609,59.0999984741211,0.551473081111908,0.00569242006167769,0.88914567232132,0.752341032028198,0.362013816833496,0.44230592250824,0.43075,0.576086401939392,3.93269991874695,"Madagascar"
"73",3.33463358879089,7.00593233108521,0.527843475341797,57.5999984741211,0.798915147781372,0.0650608763098717,0.765963792800903,0.586300432682037,0.364894032478333,0.572984874248505,0.427,0.702330112457275,3.40980005264282,"Malawi"
"74",5.33881759643555,10.2355041503906,0.789408564567566,67,0.874548256397247,0.112881354987621,0.894131124019623,0.824454665184021,0.200366735458374,0.732398390769958,0.439833333333333,0.444762200117111,5.33879995346069,"Malaysia"
"75",4.41572952270508,7.62742805480957,0.691859066486359,51.7000007629395,0.737204551696777,-0.0318885557353497,0.793091416358948,0.770017266273499,0.369648188352585,0.510795414447784,0.372666666666667,0.598786890506744,4.39039993286133,"Mali"
"76",6.90971088409424,10.0497303009033,0.931541502475739,72.1999969482422,0.927340686321259,-0.104196012020111,0.595199882984161,0.721224427223206,0.295698791742325,0.757713675498962,0.2911,0.385406851768494,6.72559976577759,"Malta"
"77",4.31361532211304,8.19654941558838,0.801595509052277,57,0.466888546943665,-0.0954514518380165,0.710529267787933,0.663382470607758,0.275557994842529,0.258394151926041,0.36875,0.440552592277527,4.49030017852783,"Mauritania"
"78",5.88174057006836,9.95644760131836,0.908841550350189,66.4000015258789,0.866928100585938,-0.082134947180748,0.785249710083008,0.773951649665833,0.157993257045746,0.619251132011414,0.3575,0.432353794574738,5.88819980621338,"Mauritius"
"79",6.54957866668701,9.76991939544678,0.858068883419037,68.3000030517578,0.816200494766235,-0.181818425655365,0.808638095855713,0.881713449954987,0.213254362344742,0.294568479061127,0.4698,0.456424832344055,6.59450006484985,"Mexico"
"80",5.6822772026062,8.59237670898438,0.892079889774323,65,0.823824346065521,-0.0336773544549942,0.928719878196716,0.581714630126953,0.270072460174561,0.237631857395172,0.326058823529412,0.400689601898193,5.52850008010864,"Moldova"
"81",5.46462297439575,9.41570281982422,0.941514134407043,62.2999992370605,0.695546805858612,0.040724154561758,0.848502218723297,0.654125034809113,0.191890299320221,0.270371317863464,0.334,0.364350020885468,5.28539991378784,"Mongolia"
"82",5.6501898765564,9.73295497894287,0.85597962141037,68.5,0.626431286334991,-0.0486967600882053,0.768922507762909,0.589933156967163,0.354935258626938,0.39849916100502,0.3094,0.406528621912003,5.52290010452271,"Montenegro"
"83",4.89679193496704,8.93739795684814,0.553759753704071,65.9000015258789,0.773180425167084,-0.245612621307373,0.84317272901535,0.638049185276031,0.415981560945511,0.39849916100502,0.402666666666667,0.54310667514801,5.20809984207153,"Morocco"
"84",4.65371370315552,7.03937768936157,0.738480448722839,54.2000007629395,0.896621584892273,0.0535916313529015,0.69122040271759,0.639639556407928,0.397278726100922,0.832037925720215,0.488666666666667,0.784366607666016,4.46619987487793,"Mozambique"
"85",4.4106330871582,8.68523216247559,0.773825943470001,59,0.906110823154449,0.469964563846588,0.64672589302063,0.776950597763062,0.300140351057053,0.878752648830414,0.381,0.424045383930206,4.36040019989014,"Myanmar"
"86",4.83408784866333,9.15621376037598,0.864214777946472,56.5,0.753904759883881,-0.175729155540466,0.845942497253418,0.739386975765228,0.240249082446098,0.624467790126801,0.611333333333333,0.771211087703705,4.63920021057129,"Namibia"
"87",4.9100866317749,7.85100746154785,0.768335521221161,63.5,0.770093679428101,0.132780745625496,0.741752803325653,0.536977708339691,0.386792421340942,0.648398160934448,0.383,0.497896462678909,4.91270017623901,"Nepal"
"88",7.4630970954895,10.8092041015625,0.939443171024323,72.3000030517578,0.919985175132751,0.155536487698555,0.37055778503418,0.861976623535156,0.204794183373451,0.656541049480438,0.286333333333333,0.467997848987579,7.48759984970093,"Netherlands"
"89",7.370285987854,10.5014772415161,0.953862726688385,73.1999969482422,0.949300169944763,0.116750031709671,0.206580221652985,0.845362603664398,0.167951449751854,0.642461240291595,0.4112,0.388641357421875,7.30749988555908,"New Zealand"
"90",5.8189525604248,8.61451244354248,0.854276537895203,67.5,0.79705685377121,0.00283000874333084,0.712824761867523,0.792649328708649,0.408349841833115,0.343466877937317,0.4795,0.42959064245224,6.10500001907349,"Nicaragua"
"91",5.16400718688965,6.84451770782471,0.612025678157806,53.5,0.790665626525879,0.0230826493352652,0.637166798114777,0.770557641983032,0.502554535865784,0.747923851013184,0.36875,0.685774683952332,4.62750005722046,"Niger"
"92",5.25228834152222,8.57763290405273,0.740854203701019,49.7000007629395,0.7898810505867,-0.0207670368254185,0.865602672100067,0.805261850357056,0.256469875574112,0.451740950345993,0.4155,0.448463320732117,5.26459980010986,"Nigeria"
"93",5.60805606842041,10.7979717254639,0.837391793727875,74.4000015258789,0.79706609249115,-0.259084016084671,0.613837003707886,0.480453103780746,0.261867821216583,0.378323644399643,0.281294117647059,0.200969219207764,5.71770000457764,"North Cyprus"
"94",7.44426202774048,11.0856256484985,0.965961933135986,73.1999969482422,0.960429012775421,0.0757284909486771,0.268201440572739,0.827414035797119,0.211862370371819,0.679502964019775,0.272230769230769,0.336649179458618,7.55389976501465,"Norway"
"95",5.47155380249023,8.56166362762451,0.685059487819672,58.5,0.772569119930267,0.0535215623676777,0.798841655254364,0.567294776439667,0.376706063747406,0.589388489723206,0.315125,0.38166469335556,5.65299987792969,"Pakistan"
"96",4.55392169952393,9.22910022735596,0.819479286670685,67.9000015258789,0.654534518718719,-0.0402908697724342,0.813779532909393,0.610405445098877,0.418928533792496,0.392373383045197,0.484705882352941,0.482421070337296,4.69630002975464,"Palestinian Territories"
"97",6.28143405914307,10.0497303009033,0.904389798641205,69.5999984741211,0.861448109149933,-0.122782208025455,0.836930990219116,0.883580505847931,0.222598746418953,0.277477711439133,0.532647058823529,0.570101618766785,6.32130002975464,"Panama"
"98",5.6796612739563,9.43434810638428,0.845301389694214,68.0999984741211,0.829641997814178,-0.188079550862312,0.90624463558197,0.808621466159821,0.380032867193222,0.202403098344803,0.479647058823529,0.50306099653244,5.6971001625061,"Peru"
"99",5.8691725730896,8.98570251464844,0.845803260803223,61.9000015258789,0.917808175086975,-0.113129161298275,0.726483345031738,0.772846102714539,0.393481075763702,0.802007138729095,0.422,0.474451541900635,5.6314001083374,"Philippines"
"100",5.91982269287109,10.2620124816895,0.887113273143768,72.4000015258789,0.87740421295166,-0.262738108634949,0.879727840423584,0.679104149341583,0.317994743585587,0.520630657672882,0.367538461538461,0.418466329574585,5.69250011444092,"Portugal"
"101",6.15087890625,10.1120929718018,0.817930459976196,67.1999969482422,0.845159590244293,-0.220031842589378,0.921170175075531,0.735342502593994,0.2984539270401,0.2263513058424,0.3658,0.348827481269836,6.06969976425171,"Romania"
"102",5.51350021362305,10.1323900222778,0.908726096153259,64.3000030517578,0.729282200336456,-0.156226307153702,0.865311563014984,0.673346281051636,0.198796302080154,0.455838739871979,0.3975,0.395370572805405,5.64790010452271,"Russia"
"103",3.5610466003418,7.5675311088562,0.616172730922699,61.0999984741211,0.924231648445129,0.0571075864136219,0.163809955120087,0.793367624282837,0.308199167251587,0.988120436668396,0.482,0.647505581378937,3.33380007743835,"Rwanda"
"104",6.35639333724976,10.7979717254639,0.86784839630127,66.3000030517578,0.854921519756317,-0.209563508629799,0.163809955120087,0.764405488967896,0.288379907608032,0.831693112850189,0.367538461538461,0.472084254026413,6.37470006942749,"Saudi Arabia"
"105",4.7693772315979,7.85069370269775,0.73935478925705,59.5999984741211,0.629223465919495,-0.0616280660033226,0.804779469966888,0.713894128799438,0.247074723243713,0.588927924633026,0.402333333333333,0.393896788358688,4.6810998916626,"Senegal"
"106",5.93649339675903,9.58480358123779,0.852945327758789,68.1999969482422,0.739891827106476,-0.0985114499926567,0.863723576068878,0.558940827846527,0.29629585146904,0.476144999265671,0.355,0.356202870607376,5.60300016403198,"Serbia"
"107",4.30568313598633,7.26616621017456,0.64963835477829,50.7999992370605,0.716484487056732,0.101580701768398,0.855733215808868,0.551628053188324,0.466266661882401,0.779726207256317,0.371,0.690721094608307,4.37419986724854,"Sierra Leone"
"108",6.3745641708374,11.0856256484985,0.902840673923492,76.8000030517578,0.916078209877014,0.116750031709671,0.0965629294514656,0.787092983722687,0.106870777904987,0.89246928691864,0.275615384615385,0.39978763461113,6.26200008392334,"Singapore"
"109",6.23511075973511,10.3522357940674,0.922378718852997,68.9000015258789,0.757634043693542,-0.179692462086678,0.909944653511047,0.75410521030426,0.253190040588379,0.327658623456955,0.26725,0.27458468079567,6.1975998878479,"Slovakia"
"110",6.24941921234131,10.3972034454346,0.940971195697784,71.0999984741211,0.942045867443085,-0.122396409511566,0.839252531528473,0.643971621990204,0.27548485994339,0.239274635910988,0.2495,0.349004089832306,6.11770009994507,"Slovenia"
"111",4.88392210006714,9.41172409057617,0.841343998908997,56.5,0.752731323242188,-0.0590336620807648,0.841192603111267,0.812166571617126,0.282708495855331,0.524685800075531,0.624,0.685774683952332,4.7221999168396,"South Africa"
"112",5.84023141860962,10.5115776062012,0.797723829746246,73.5999984741211,0.600161671638489,-0.0939658433198929,0.796825885772705,0.66120857000351,0.217145726084709,0.389084011316299,0.319,0.398590952157974,5.894700050354,"South Korea"
"113",6.51337099075317,10.465594291687,0.910314679145813,74.4000015258789,0.722250699996948,-0.0793505981564522,0.776504456996918,0.659188032150269,0.357190847396851,0.285195618867874,0.345384615384615,0.359143614768982,6.35410022735596,"Spain"
"114",4.40022325515747,9.40038776397705,0.828065395355225,67.1999969482422,0.852628171443939,0.0867624133825302,0.858016669750214,0.831292986869812,0.301279366016388,0.576130390167236,0.3934,0.408001780509949,4.36590003967285,"Sri Lanka"
"115",4.2115650177002,8.94677066802979,0.779269754886627,52.7000007629395,0.709973692893982,-0.179937720298767,0.692341148853302,0.824354708194733,0.252339154481888,0.68954873085022,0.523,0.732568085193634,4.21159982681274,"Swaziland"
"116",7.37479209899902,10.7669324874878,0.930679559707642,72.5999984741211,0.94172465801239,0.0695732533931732,0.262796580791473,0.822675704956055,0.160755425691605,0.494396239519119,0.274153846153846,0.381509691476822,7.34329986572266,"Sweden"
"117",7.50858688354492,10.9759454727173,0.930290997028351,74.0999984741211,0.926414549350739,0.0963689610362053,0.301259964704514,0.792225956916809,0.191520154476166,0.84997946023941,0.3281,0.320724993944168,7.48019981384277,"Switzerland"
"118",6.46700477600098,11.4539279937744,0.896458745002747,72.5999984741211,0.741032779216766,-0.0985114499926567,0.735970735549927,0.848398566246033,0.0926956459879875,0.311722934246063,0.2495,0.330177575349808,6.44619989395142,"Taiwan Province of China"
"119",3.44502329826355,7.92891120910645,0.675330400466919,57.5,0.80714213848114,0.141756519675255,0.611534059047699,0.762089312076569,0.221005499362946,0.914648473262787,0.384666666666667,0.568629264831543,3.23070001602173,"Tanzania"
"120",6.01156187057495,9.73482894897461,0.873052418231964,67.1999969482422,0.904828250408173,0.251650214195251,0.906596004962921,0.843489408493042,0.198190212249756,0.605364441871643,0.396692307692308,0.482406765222549,6.00799989700317,"Thailand"
"121",4.02289485931396,7.28740549087524,0.596353888511658,54.7000007629395,0.611966252326965,-0.00706292642280459,0.808537721633911,0.608448624610901,0.446454375982285,0.323221206665039,0.437666666666667,0.444903790950775,4.08489990234375,"Togo"
"122",4.7411322593689,9.30447387695312,0.732953548431396,66.9000015258789,0.649680078029633,-0.203248903155327,0.840116620063782,0.59172660112381,0.365014284849167,0.349490463733673,0.381,0.431391298770905,4.46059989929199,"Tunisia"
"123",5.1856894493103,10.1489171981812,0.84702730178833,66.8000030517578,0.528629064559937,-0.181653723120689,0.804878532886505,0.434654295444489,0.350773096084595,0.513677060604095,0.4058,0.362623959779739,5.37260007858276,"Turkey"
"124",4.62060165405273,9.74946403503418,0.984488964080811,62.2000007629395,0.857774078845978,0.237279802560806,0.848337233066559,0.612210273742676,0.189024537801743,0.61046689748764,0.432666666666667,0.271069973707199,5.24669981002808,"Turkmenistan"
"125",4.32171487808228,7.45870923995972,0.739841043949127,55.7000007629395,0.728512763977051,0.0882413685321808,0.856106221675873,0.685168504714966,0.390319228172302,0.503853440284729,0.4322,0.655502676963806,4.18940019607544,"Uganda"
"126",4.66190910339355,9.0120267868042,0.900936722755432,64.5999984741211,0.663055062294006,-0.0550419613718987,0.942960739135742,0.608771085739136,0.221851482987404,0.0797100588679314,0.265,0.349749237298965,4.332200050354,"Ukraine"
"127",6.60374355316162,11.1276779174805,0.851041316986084,67.0999984741211,0.943664371967316,0.0364942252635956,0.268201440572739,0.787243485450745,0.302041828632355,0.642461240291595,0.4155,0.721078634262085,6.82450008392334,"United Arab Emirates"
"128",7.2334451675415,10.5969476699829,0.928483903408051,72.3000030517578,0.837508380413055,0.221998140215874,0.404276013374329,0.783171832561493,0.228275611996651,0.42085987329483,0.341083333333333,0.417473196983337,7.05369997024536,"United Kingdom"
"129",6.8826847076416,10.9224653244019,0.903856039047241,68.3000030517578,0.824606657028198,0.107713386416435,0.709928274154663,0.815382599830627,0.292226254940033,0.313816100358963,0.408166666666667,0.701417922973633,6.89230012893677,"United States"
"130",6.37171459197998,9.95966148376465,0.917315602302551,69,0.876210927963257,-0.108451418578625,0.682916045188904,0.876920342445374,0.274945586919785,0.361706048250198,0.427363636363636,0.437541782855988,6.29330015182495,"Uruguay"
"131",6.20546007156372,8.77336502075195,0.920821011066437,65.0999984741211,0.969897985458374,0.311694622039795,0.520360112190247,0.825421571731567,0.208660304546356,0.9693563580513,0.348,0.384973526000977,6.17409992218018,"Uzbekistan"
"132",5.00566339492798,9.2702808380127,0.886882066726685,66.5,0.610855221748352,-0.176155596971512,0.827560007572174,0.759221494197845,0.373657613992691,0.260699689388275,0.497166666666667,0.485094249248505,4.70660018920898,"Venezuela"
"133",5.2955470085144,8.78341579437256,0.831945240497589,67.9000015258789,0.909259796142578,-0.0391237027943134,0.808422982692719,0.692222416400909,0.191061362624168,0.473673611879349,0.36275,0.415666252374649,5.17530012130737,"Vietnam"
"134",3.05751395225525,7.92891120910645,0.789421916007996,56.7000007629395,0.552726089954376,-0.174899160861969,0.792586863040924,0.461113780736923,0.314869940280914,0.308151185512543,0.357,0.448596566915512,3.37980008125305,"Yemen"
"135",4.04148817062378,8.22395801544189,0.71772038936615,55.2999992370605,0.790625929832458,0.0366443395614624,0.810731291770935,0.702697575092316,0.350962847471237,0.606715261936188,0.5274,0.61944305896759,4.10659980773926,"Zambia"
"136",3.61647987365723,7.55339479446411,0.775388479232788,55.5999984741211,0.762674868106842,-0.0383835807442665,0.844208657741547,0.710118651390076,0.211725845932961,0.550507783889771,0.432,0.541771829128265,3.66319990158081,"Zimbabwe"
